submodule.remote,2,3.668
submodule.remote,2,4.748
submodule.remote,2,3.160
submodule.remote,2,3.307
submodule.remote,2,3.836
submodule.remote,2,3.179
submodule.remote,2,3.246
submodule.remote,2,3.888
submodule.remote,2,3.260
submodule.remote,2,3.123
subtree.remote,2,0.998
subtree.remote,2,1.207
subtree.remote,2,1.008
subtree.remote,2,1.028
subtree.remote,2,1.007
subtree.remote,2,0.992
subtree.remote,2,0.998
subtree.remote,2,0.998
subtree.remote,2,1.019
subtree.remote,2,1.018
submodule.remote,4,6.295
submodule.remote,4,7.904
submodule.remote,4,6.199
submodule.remote,4,6.263
submodule.remote,4,5.835
submodule.remote,4,6.196
submodule.remote,4,6.242
submodule.remote,4,6.641
submodule.remote,4,6.059
submodule.remote,4,6.241
subtree.remote,4,1.421
subtree.remote,4,1.460
subtree.remote,4,1.182
subtree.remote,4,1.440
subtree.remote,4,1.813
subtree.remote,4,1.639
subtree.remote,4,1.643
subtree.remote,4,1.496
subtree.remote,4,1.456
subtree.remote,4,1.500
submodule.remote,6,10.217
submodule.remote,6,11.569
submodule.remote,6,9.148
submodule.remote,6,8.291
submodule.remote,6,9.480
submodule.remote,6,8.711
submodule.remote,6,8.252
submodule.remote,6,10.402
submodule.remote,6,10.240
submodule.remote,6,13.810
subtree.remote,6,1.972
subtree.remote,6,1.421
subtree.remote,6,1.650
subtree.remote,6,2.072
subtree.remote,6,1.391
subtree.remote,6,1.361
subtree.remote,6,1.722
subtree.remote,6,1.380
subtree.remote,6,1.356
subtree.remote,6,1.307
submodule.remote,8,10.096
submodule.remote,8,10.206
submodule.remote,8,10.533
submodule.remote,8,10.183
submodule.remote,8,12.836
submodule.remote,8,12.708
submodule.remote,8,12.767
submodule.remote,8,12.752
submodule.remote,8,14.102
submodule.remote,8,11.993
subtree.remote,8,1.434
subtree.remote,8,1.410
subtree.remote,8,1.340
subtree.remote,8,1.397
subtree.remote,8,1.396
subtree.remote,8,1.496
subtree.remote,8,1.428
subtree.remote,8,1.391
subtree.remote,8,1.356
subtree.remote,8,1.334
submodule.remote,10,12.892
submodule.remote,10,13.211
submodule.remote,10,13.480
submodule.remote,10,12.589
submodule.remote,10,12.737
submodule.remote,10,12.264
submodule.remote,10,13.671
submodule.remote,10,12.835
submodule.remote,10,13.933
submodule.remote,10,13.579
subtree.remote,10,1.730
subtree.remote,10,1.877
subtree.remote,10,1.648
subtree.remote,10,1.818
subtree.remote,10,1.618
subtree.remote,10,1.547
subtree.remote,10,1.568
subtree.remote,10,1.620
subtree.remote,10,1.514
subtree.remote,10,1.504
submodule.local,2,2.790
submodule.local,2,2.236
submodule.local,2,2.226
submodule.local,2,2.613
submodule.local,2,2.623
submodule.local,2,2.706
submodule.local,2,2.563
submodule.local,2,2.376
submodule.local,2,2.237
submodule.local,2,2.770
subtree.local,2,0.155
subtree.local,2,0.058
subtree.local,2,0.119
subtree.local,2,0.333
subtree.local,2,0.506
subtree.local,2,0.095
subtree.local,2,0.138
subtree.local,2,0.100
subtree.local,2,0.087
subtree.local,2,0.155
submodule.local,4,6.203
submodule.local,4,6.315
submodule.local,4,7.252
submodule.local,4,6.480
submodule.local,4,6.531
submodule.local,4,8.265
submodule.local,4,5.629
submodule.local,4,5.719
submodule.local,4,5.688
submodule.local,4,5.374
subtree.local,4,0.203
subtree.local,4,0.040
subtree.local,4,0.042
subtree.local,4,0.038
subtree.local,4,0.039
subtree.local,4,0.039
subtree.local,4,0.039
subtree.local,4,0.037
subtree.local,4,0.038
subtree.local,4,0.037
submodule.local,6,7.832
submodule.local,6,7.675
submodule.local,6,8.312
submodule.local,6,7.976
submodule.local,6,7.971
submodule.local,6,7.293
submodule.local,6,7.159
submodule.local,6,8.785
submodule.local,6,10.168
submodule.local,6,10.416
subtree.local,6,0.651
subtree.local,6,0.060
subtree.local,6,0.312
subtree.local,6,0.209
subtree.local,6,0.207
subtree.local,6,0.132
subtree.local,6,0.049
subtree.local,6,0.144
subtree.local,6,0.432
subtree.local,6,0.188
submodule.local,8,13.855
submodule.local,8,9.138
submodule.local,8,9.365
submodule.local,8,9.399
submodule.local,8,9.677
submodule.local,8,10.219
submodule.local,8,9.684
submodule.local,8,11.168
submodule.local,8,12.560
submodule.local,8,11.722
subtree.local,8,0.963
subtree.local,8,0.275
subtree.local,8,2.065
subtree.local,8,0.064
subtree.local,8,0.062
subtree.local,8,0.059
subtree.local,8,0.053
subtree.local,8,0.057
subtree.local,8,0.222
subtree.local,8,0.053
submodule.local,10,12.291
submodule.local,10,12.033
submodule.local,10,11.814
submodule.local,10,11.828
submodule.local,10,11.661
submodule.local,10,14.803
submodule.local,10,16.629
submodule.local,10,13.205
submodule.local,10,13.772
submodule.local,10,11.547
subtree.local,10,0.478
subtree.local,10,0.102
subtree.local,10,0.073
subtree.local,10,0.072
subtree.local,10,0.073
subtree.local,10,0.085
subtree.local,10,0.080
subtree.local,10,0.085
subtree.local,10,0.085
subtree.local,10,0.075
